name,date,number,volume,first,high,low,value,last,close
باما,1393/09/04,133,349621,9250,9295,9101,3235000000,9202,9253
باما,1393/09/05,211,561436,9300,9623,9252,5345000000,9623,9520
باما,1393/09/08,337,984931,9900,9900,9750,9744000000,9900,9893
باما,1393/09/09,524,1752000,10288,10288,9910,17972000000,10288,10255
باما,1393/09/10,548,962323,10650,10650,10303,10114000000,10390,10510
باما,1393/09/11,177,332518,10470,10470,10090,3373000000,10090,10145
باما,1393/10/06,69,60020,9665,9890,9305,575797000,9560,9592
باما,1393/10/07,155,222533,9724,9970,9700,2203000000,9900,9900
باما,1393/10/08,144,188646,10190,10200,9504,1842000000,9628,9763
باما,1393/10/09,45,50168,9624,9799,9624,487920000,9631,9751
باما,1393/10/10,57,219490,9799,9799,9545,2124000000,9688,9676
باما,1393/10/13,52,148368,9749,9880,9563,1447000000,9563,9747
باما,1393/10/14,42,50227,9450,9740,9431,478194000,9511,9676
باما,1393/10/15,34,61943,9452,9552,9451,590651000,9501,9622
باما,1393/10/16,80,155841,9500,9550,9238,1447000000,9238,9294
باما,1393/10/17,78,84454,8923,9180,8923,761554000,9015,9148
باما,1393/10/20,90,196410,9030,9030,8783,1728000000,8783,8798
باما,1393/10/21,120,222694,8500,8750,8449,1896000000,8698,8516
باما,1393/10/22,25,33929,8850,8856,8850,300357000,8856,8587
باما,1393/10/23,84,186650,8900,8930,8550,1633000000,8650,8749
باما,1393/10/24,213,408556,8500,8500,8400,3432000000,8400,8400
باما,1393/10/27,70,145030,8400,8650,8313,1222000000,8650,8421
باما,1393/10/28,29,80187,8410,8700,8410,688888000,8700,8506
باما,1393/10/29,73,280097,8403,8700,8400,2382000000,8400,8505
باما,1393/10/30,35,90880,8257,8450,8200,759384000,8450,8420
باما,1393/11/01,84,273575,8212,8300,8084,2218000000,8084,8106
باما,1393/11/04,15,32213,8100,8200,7850,261545000,8040,8109
باما,1393/11/25,10,10295,8999,8999,8700,89975000,8703,8674
باما,1393/11/26,22,23344,8700,8990,8361,200153000,8560,8659
باما,1393/11/27,40,33780,8650,8889,8650,295907000,8870,8680
باما,1393/11/28,30,108811,8502,8600,8470,925461000,8600,8561
باما,1393/11/29,37,123904,8366,8559,8360,1038000000,8559,8417
باما,1393/12/02,40,88358,8511,8630,8250,734242000,8310,8310
باما,1393/12/03,36,92786,8248,8500,8150,763788000,8300,8232
باما,1393/12/04,20,30991,8153,8199,8150,252675000,8199,8201
باما,1393/12/05,9,20310,8200,8218,8200,166641000,8210,8202
باما,1393/12/06,28,26365,8300,8500,8210,219580000,8213,8244
باما,1393/12/09,26,174424,8200,8297,8200,1440000000,8297,8253
باما,1393/12/10,25,74816,8260,8320,8217,619333000,8300,8276
باما,1393/12/11,79,377354,8485,8544,8480,3208000000,8501,8501
باما,1393/12/12,39,103473,8300,8578,8300,879944000,8500,8504
باما,1393/12/13,11,22910,8499,8536,8499,194739000,8536,8503
باما,1393/12/16,13,29278,8302,8500,8301,246142000,8301,8468
باما,1393/12/17,10,8848,8597,8597,8202,72809000,8206,8442
باما,1393/12/18,37,86780,8579,8579,8105,710020000,8152,8182
باما,1393/12/19,27,25506,8095,8330,8050,209465000,8210,8192
باما,1393/12/20,14,31448,8200,8210,8200,257892000,8201,8195
باما,1393/12/23,119,493018,8057,8190,8002,3975000000,8051,8062
باما,1394/01/19,123,265009,8822,9150,8822,2394000000,8943,9035
باما,1394/01/22,38,78176,8802,9140,8802,699798000,8950,8953
باما,1394/01/23,39,81604,8850,9010,8703,726990000,9000,8909
باما,1394/01/24,24,53852,9100,9100,8904,483848000,9000,8960
باما,1394/01/25,38,54976,8900,9090,8900,496642000,9000,9011
باما,1394/01/26,60,208418,9100,9200,8900,1883000000,9010,9033
باما,1394/01/29,46,46979,9150,9200,8860,423136000,9045,9018
باما,1394/01/30,55,65285,9150,9187,8700,587047000,9001,8997
باما,1394/01/31,134,260536,9090,9090,8920,2340000000,8955,8981
باما,1394/02/15,17,82492,3850,3850,3751,311614000,3800,3778
باما,1394/02/16,42,194859,3920,3929,3919,765279000,3929,3924
باما,1394/02/19,181,830860,4080,4080,3900,3352000000,3900,4034
باما,1394/02/20,68,247897,3910,3912,3873,961514000,3873,3879
باما,1394/02/21,47,65435,3895,3980,3802,255143000,3901,3886
باما,1394/02/22,8,32386,3900,3919,3833,125987000,3879,3887
باما,1394/02/23,62,123735,3989,4042,3989,498673000,4000,3976
باما,1394/02/27,41,98353,4001,4001,3910,392175000,3974,3982
باما,1394/02/28,12,10994,3824,4000,3824,42947000,3860,3978
باما,1394/02/29,31,74350,3999,3999,3819,286626000,3992,3932
باما,1394/02/30,18,27930,3900,3900,3780,108557000,3830,3926
باما,1394/03/02,35,51222,3850,3850,3730,192928000,3740,3885
باما,1394/03/27,122,475343,2898,3027,2896,1402000000,2977,2950
باما,1394/03/30,84,595984,2900,2900,2858,1716000000,2860,2880
باما,1394/03/31,43,168984,2825,2826,2760,472035000,2760,2807
باما,1394/04/01,95,863826,2800,2884,2765,2434000000,2879,2817
باما,1394/04/02,90,824241,2884,2957,2884,2429000000,2957,2947
باما,1394/04/03,94,239288,3094,3094,2958,725956000,3030,3034
باما,1394/04/06,36,76930,2931,3000,2931,228709000,2935,3011
باما,1394/04/07,28,71860,2950,2960,2900,210641000,2960,2982
باما,1394/04/08,20,35196,2921,2950,2860,102310000,2860,2969
باما,1394/04/09,70,153847,2900,2930,2821,442138000,2821,2896
باما,1394/04/10,86,345708,2821,2899,2770,981976000,2897,2840
باما,1394/04/13,37,164886,2863,2890,2782,470756000,2875,2852
باما,1394/04/14,46,59730,2800,2860,2777,167729000,2791,2839
باما,1394/04/15,45,170827,2840,2870,2801,483436000,2814,2831
باما,1394/04/16,41,154615,2870,2870,2811,438649000,2869,2836
باما,1394/04/20,49,184149,2760,2870,2760,514048000,2810,2795
باما,1394/04/21,118,436880,2740,2816,2711,1212000000,2760,2773
باما,1394/04/22,116,518745,2840,2880,2792,1470000000,2842,2834
باما,1394/04/23,86,398196,2911,2911,2764,1126000000,2848,2828
باما,1394/04/24,72,327716,2957,2957,2763,919299000,2800,2805
باما,1394/04/29,51,232480,2810,2860,2799,657568000,2799,2828
باما,1394/05/18,25,80890,2500,2510,2451,200821000,2455,2505
باما,1394/05/19,60,363307,2480,2520,2422,897584000,2429,2471
باما,1394/05/21,94,523543,2402,2402,2348,1235000000,2390,2358
باما,1394/05/24,44,208075,2300,2320,2250,474713000,2270,2283
باما,1394/05/25,14,57350,2330,2340,2266,132193000,2266,2289
باما,1394/05/26,33,138241,2214,2357,2211,320487000,2350,2308
باما,1394/05/27,49,228356,2387,2387,2250,527082000,2250,2308
باما,1394/05/28,35,108227,2223,2290,2201,240048000,2202,2262
باما,1394/05/31,21,51150,2349,2350,2220,116949000,2310,2268
باما,1394/06/01,33,157927,2225,2345,2156,349254000,2201,2228
باما,1394/06/02,72,300380,2145,2160,2117,637829000,2117,2123
باما,1394/06/03,18,67200,2070,2140,2050,140308000,2080,2112
باما,1394/06/04,26,206843,2146,2159,2070,441287000,2070,2132
باما,1394/06/07,50,263915,2160,2200,2150,577397000,2190,2188
باما,1394/06/08,93,553513,2189,2279,2185,1230000000,2250,2222
باما,1394/06/09,23,138087,2277,2277,2220,309646000,2226,2234
باما,1394/06/10,19,82900,2299,2299,2207,184354000,2220,2230
باما,1394/06/11,27,136553,2267,2267,2199,305399000,2220,2234
باما,1394/06/14,22,73186,2229,2260,2205,164551000,2260,2239
باما,1394/06/15,41,97979,2245,2300,2207,219956000,2210,2242
باما,1394/06/16,31,174900,2250,2272,2219,394602000,2225,2253
باما,1394/07/05,15,41905,2060,2060,2050,85997000,2055,2050
باما,1394/07/06,21,65368,2080,2092,2062,136069000,2062,2059
باما,1394/07/07,6,4299,2063,2095,2063,8958000,2095,2059
باما,1394/07/08,25,89403,2100,2124,2073,186844000,2082,2071
باما,1394/07/11,17,49304,2080,2098,2063,102433000,2079,2072
باما,1394/07/12,37,141279,2100,2170,2100,304136000,2169,2119
باما,1394/07/13,76,910705,2195,2224,2195,2022000000,2224,2221
باما,1394/07/14,27,144174,2250,2261,2110,314420000,2110,2197
باما,1394/07/15,18,111655,2200,2200,2101,242242000,2195,2184
باما,1394/07/18,33,191741,2293,2293,2293,439662000,2293,2275
باما,1394/07/19,216,1530000,2388,2388,2330,3653000000,2388,2388
باما,1394/07/20,160,1245000,2430,2507,2381,3094000000,2506,2485
باما,1394/07/21,70,392768,2550,2550,2400,957401000,2438,2438
باما,1394/07/22,62,269658,2499,2500,2402,667313000,2441,2475
باما,1394/07/25,78,263968,2534,2537,2482,666546000,2534,2525
باما,1394/07/26,89,424746,2559,2575,2399,1067000000,2403,2513
باما,1394/07/27,23,30207,2450,2477,2391,73398000,2477,2501
باما,1394/07/28,20,115675,2442,2442,2376,276793000,2430,2439
باما,1394/07/29,20,46307,2379,2379,2318,108234000,2318,2416
باما,1394/08/12,97,594568,2296,2399,2296,1383000000,2296,2327
باما,1394/08/13,42,137614,2250,2380,2250,320541000,2300,2329
باما,1394/09/03,18,85818,2195,2260,2187,188715000,2260,2235
باما,1394/09/04,17,36010,2225,2250,2210,80050000,2210,2233
باما,1394/09/07,35,110240,2269,2269,2170,243147000,2172,2220
باما,1394/09/08,6,5127,2165,2250,2163,11143000,2168,2219
باما,1394/09/09,17,54700,2282,2282,2150,118692000,2150,2207
باما,1394/09/10,20,66533,2180,2204,2155,145108000,2162,2199
باما,1394/09/14,23,68219,2165,2219,2165,148498000,2170,2192
باما,1394/09/15,10,15550,2152,2153,2130,33388000,2130,2189
باما,1394/09/16,24,71569,2175,2178,2090,152047000,2126,2169
باما,1394/09/17,54,169598,2126,2126,2081,356530000,2081,2119
باما,1394/09/18,22,109638,2116,2119,2063,230261000,2100,2110
باما,1394/09/22,4,13737,2074,2170,2074,29194000,2100,2111
باما,1394/09/23,17,64783,2081,2100,2079,134863000,2080,2103
باما,1394/09/24,26,99112,2070,2080,2030,204698000,2070,2087
باما,1394/09/25,22,71583,2100,2145,2074,150187000,2090,2090
باما,1394/09/28,21,75232,2176,2176,2021,155900000,2071,2084
باما,1394/09/29,10,15295,2098,2099,2030,31546000,2070,2083
باما,1394/09/30,10,25830,2050,2050,2031,52493000,2031,2078
باما,1394/10/01,12,64763,2040,2060,2031,132450000,2032,2069
باما,1394/10/02,48,235698,2031,2050,2000,476873000,2000,2024
باما,1394/10/05,66,218935,1951,1970,1932,427117000,1940,1959
باما,1394/10/26,52,299421,2370,2370,2197,667254000,2197,2228
باما,1394/10/27,34,113726,2264,2300,2141,252234000,2142,2223
باما,1394/10/28,28,94385,2146,2217,2112,202287000,2217,2188
باما,1394/10/29,14,72153,2205,2205,2160,156554000,2160,2182
باما,1394/10/30,94,705674,2160,2200,2141,1520000000,2200,2154
باما,1394/11/06,170,1351000,2599,2600,2472,3453000000,2600,2555
باما,1394/11/07,196,1277000,2680,2682,2502,3340000000,2520,2615
باما,1394/11/10,58,490980,2673,2675,2510,1277000000,2596,2601
باما,1394/11/11,68,521429,2511,2580,2471,1311000000,2510,2514
باما,1394/11/12,99,909271,2570,2634,2520,2377000000,2611,2614
باما,1394/11/13,85,354142,2639,2730,2610,943472000,2610,2664
باما,1394/11/14,52,213876,2580,2658,2580,559647000,2630,2617
باما,1394/11/17,84,355447,2650,2670,2592,937535000,2640,2638
باما,1394/11/18,111,749465,2667,2750,2650,2041000000,2749,2723
باما,1394/11/19,69,478828,2724,2730,2650,1288000000,2674,2690
باما,1394/11/20,119,1128000,2741,2824,2671,3174000000,2671,2813
باما,1394/11/21,56,501065,2676,2784,2673,1362000000,2673,2719
باما,1394/11/24,54,393881,2600,2800,2584,1021000000,2584,2593
باما,1394/11/25,35,97761,2578,2579,2501,246123000,2542,2556
باما,1394/11/26,40,145757,2560,2640,2510,375380000,2510,2570
باما,1394/11/27,41,159841,2527,2600,2442,401748000,2442,2525
باما,1394/12/17,366,7779000,2737,2737,2707,21288000000,2737,2736
باما,1394/12/18,119,1766000,2872,2872,2844,5070000000,2872,2872
باما,1394/12/19,938,10739000,3015,3015,2870,32265000000,3015,3004
باما,1394/12/22,1388,29967000,3047,3154,3016,94333000000,3154,3148
باما,1394/12/24,518,13460000,3305,3305,3305,44486000000,3305,3305
باما,1394/12/25,1074,15619000,3470,3470,3313,54116000000,3372,3465
باما,1394/12/26,553,4694000,3399,3500,3292,16053000000,3451,3420
باما,1395/01/07,43,309860,3450,3591,3411,1107000000,3591,3571
باما,1395/01/08,220,1326000,3749,3749,3470,4830000000,3590,3643
باما,1395/01/09,451,6552000,3640,3640,3461,23403000000,3471,3572
باما,1395/01/10,163,1276000,3564,3565,3394,4342000000,3400,3401
باما,1395/01/11,306,5380000,3231,3571,3231,19117000000,3571,3553
باما,1395/01/14,497,7482000,3726,3730,3680,27906000000,3730,3730
باما,1395/01/15,432,3958000,3888,3903,3800,15326000000,3890,3873
باما,1395/01/16,261,2177000,3919,3919,3701,8334000000,3715,3829
باما,1395/01/17,238,1786000,3800,3840,3653,6732000000,3760,3769
باما,1395/01/18,233,1544000,3750,3957,3741,5939000000,3780,3847
باما,1395/01/21,228,1445000,3847,3940,3750,5522000000,3771,3822
باما,1395/01/22,151,1450000,3771,3919,3756,5578000000,3800,3847
باما,1395/01/23,187,1792000,3870,3960,3770,6961000000,3960,3884
باما,1395/01/24,383,3339000,3990,4078,3990,13587000000,4078,4070
باما,1395/02/13,286,1577000,3880,3880,3650,5851000000,3744,3710
باما,1395/02/14,203,1483000,3750,3895,3702,5702000000,3895,3846
باما,1395/02/15,186,701447,3901,3980,3800,2746000000,3840,3915
باما,1395/02/18,183,996865,3845,3950,3721,3823000000,3800,3835
باما,1395/02/19,179,918683,3835,3835,3670,3439000000,3690,3744
باما,1395/02/20,116,659213,3840,3861,3680,2483000000,3750,3767
باما,1395/02/21,386,3532000,3790,3900,3631,13404000000,3850,3795
باما,1395/02/22,115,576153,3900,3900,3702,2185000000,3890,3793
باما,1395/02/25,57,270153,3890,3890,3706,1028000000,3800,3805
باما,1395/02/26,184,1831000,3800,3800,3666,6795000000,3710,3712
باما,1395/02/27,241,1229000,3700,3796,3560,4503000000,3560,3665
باما,1395/02/28,189,1732000,3630,3798,3560,6475000000,3604,3740
باما,1395/02/29,181,1587000,3601,3830,3601,5971000000,3720,3761
باما,1395/03/01,56,262981,3621,3778,3621,971367000,3652,3694
باما,1395/03/03,103,476971,3663,3700,3511,1710000000,3590,3584
باما,1395/03/04,349,2086000,3550,3630,3405,7251000000,3527,3477
باما,1395/03/05,188,2123000,3464,3650,3464,7571000000,3650,3566
باما,1395/03/08,557,8591000,3744,3744,3700,32165000000,3744,3744
باما,1395/03/09,231,1328000,3744,3800,3570,4885000000,3600,3678
باما,1395/03/10,411,3399000,3689,3689,3495,11925000000,3520,3508
باما,1395/03/17,156,966425,3648,3699,3575,3503000000,3612,3625
باما,1395/04/06,134,799813,3700,3745,3591,2912000000,3591,3641
باما,1395/04/08,89,369968,3560,3728,3540,1355000000,3600,3662
باما,1395/04/09,314,2653000,3690,3845,3690,10160000000,3830,3829
باما,1395/04/12,593,8969000,4020,4020,4000,36055000000,4020,4020
باما,1395/04/13,312,1984000,4020,4090,3853,7800000000,3888,3931
باما,1395/04/14,388,2857000,3862,4080,3862,11472000000,4080,4015
باما,1395/04/15,137,857782,4076,4110,3910,3462000000,3915,4036
باما,1395/04/19,102,463735,4040,4089,3850,1844000000,3875,3976
باما,1395/04/20,66,450195,3880,3980,3802,1726000000,3810,3835
باما,1395/04/21,252,1755000,3983,4026,3970,7046000000,4026,4014
باما,1395/04/22,171,999632,4027,4100,3884,3985000000,3934,3987
باما,1395/04/23,653,4951000,4099,4186,4070,20583000000,4150,4157
باما,1395/04/26,761,6522000,4300,4364,4250,28297000000,4315,4339
باما,1395/04/27,383,2162000,4301,4350,4126,9021000000,4134,4172
باما,1395/04/28,367,1705000,4126,4280,4103,7096000000,4105,4163
باما,1395/04/29,201,1132000,4295,4295,4150,4752000000,4177,4199
باما,1395/04/30,215,908455,4200,4280,4150,3827000000,4150,4213
باما,1395/05/04,105,565939,4230,4255,4120,2363000000,4200,4175
باما,1395/05/05,308,1993000,4053,4215,4041,8190000000,4100,4110
باما,1395/05/06,328,1661000,4190,4190,3940,6686000000,3979,4024
باما,1395/05/10,208,1051000,4135,4135,3910,4171000000,3920,3968
باما,1395/05/30,277,1363000,4301,4430,4301,5956000000,4370,4368
باما,1395/05/31,128,590017,4395,4400,4230,2508000000,4234,4251
باما,1395/06/01,158,560803,4250,4250,4065,2328000000,4140,4151
باما,1395/06/02,112,497716,4250,4274,4152,2094000000,4160,4208
باما,1395/06/03,48,169435,4100,4270,4100,710878000,4200,4197
باما,1395/06/06,165,551026,4250,4326,4200,2341000000,4201,4249
باما,1395/06/07,179,830647,4300,4300,4091,3425000000,4102,4123
باما,1395/06/08,73,209525,4148,4148,4079,857697000,4099,4094
باما,1395/06/09,83,313402,4090,4100,4056,1278000000,4056,4078
باما,1395/06/10,75,399373,4125,4128,4040,1625000000,4050,4070
باما,1395/06/13,221,1394000,4152,4273,4152,5950000000,4273,4267
باما,1395/06/14,133,584632,4399,4399,4220,2506000000,4270,4287
باما,1395/06/15,195,1414000,4240,4365,4240,6121000000,4323,4328
باما,1395/06/16,51,251649,4251,4300,4251,1077000000,4300,4279
باما,1395/06/17,66,289294,4280,4280,4182,1226000000,4224,4237
باما,1395/06/20,190,1495000,4140,4140,4026,6067000000,4071,4057
باما,1395/06/21,83,316186,4057,4184,4057,1300000000,4140,4110
باما,1395/06/23,188,1273000,4047,4080,3950,5097000000,3950,4003
باما,1395/06/24,86,676588,3918,3985,3918,2676000000,3950,3955
باما,1395/06/27,75,524411,3936,4040,3936,2086000000,3959,3977
باما,1395/06/28,71,316066,3937,4091,3915,1258000000,4040,3979
باما,1395/07/18,192,1482000,4260,4532,4260,6685000000,4532,4510
باما,1395/07/19,331,4518000,4621,4735,4621,21366000000,4735,4729
باما,1395/07/24,901,10845000,4897,4965,4821,53546000000,4923,4937
باما,1395/07/25,150,904150,4899,4960,4730,4365000000,4730,4827
باما,1395/07/26,231,1204000,4809,5000,4800,5944000000,4900,4939
باما,1395/07/27,190,1654000,4900,5038,4858,8224000000,5000,4973
باما,1395/07/28,684,6341000,5100,5221,5100,33014000000,5180,5206
باما,1395/08/11,1093,11521000,5630,5789,5580,65351000000,5636,5672
باما,1395/08/12,1210,10767000,5710,5955,5511,62052000000,5930,5763
باما,1395/08/15,863,9263000,6000,6051,5961,55967000000,6008,6042
باما,1395/08/16,486,2761000,6050,6130,5850,16606000000,5950,6016
باما,1395/08/17,443,2912000,6000,6226,5990,17698000000,6050,6079
باما,1395/08/18,759,7606000,6169,6374,6070,47124000000,6366,6196
باما,1395/08/19,690,6015000,5910,6299,5887,36268000000,6240,6029
باما,1395/08/22,71,939058,6330,6330,6330,5944000000,6330,6330
باما,1395/08/23,699,8222000,6590,6590,6330,53368000000,6330,6490
باما,1395/08/24,1145,8162000,6499,6576,6333,52900000000,6430,6481
باما,1395/08/25,575,3397000,6691,6691,6361,22122000000,6392,6512
باما,1395/08/26,349,1411000,6540,6540,6210,8877000000,6330,6290
باما,1395/08/29,308,1249000,6288,6350,6000,7695000000,6170,6160
باما,1395/09/01,315,1496000,6240,6395,6169,9300000000,6179,6217
باما,1395/09/28,223,877344,7198,7200,7000,6252000000,7100,7126
باما,1395/09/29,406,1555000,7150,7150,6770,10612000000,6770,6827
باما,1395/09/30,629,4121000,6486,6588,6486,26754000000,6505,6492
باما,1395/10/01,336,1821000,6502,6816,6502,12354000000,6816,6783
باما,1395/10/04,220,1544000,6530,6690,6530,10242000000,6600,6632
باما,1395/10/05,147,681306,6565,6820,6550,4529000000,6740,6648
باما,1395/10/06,421,2689000,6824,6980,6823,18729000000,6980,6964
باما,1395/10/07,388,2020000,6930,7122,6930,14234000000,7075,7048
باما,1395/10/08,358,1789000,7004,7004,6696,12093000000,6849,6760
باما,1395/10/11,246,917342,6990,7020,6706,6332000000,7010,6903
باما,1395/10/12,240,1102000,7028,7070,6813,7655000000,6970,6945
باما,1395/10/13,504,2701000,7117,7290,7080,19482000000,7220,7213
باما,1395/10/14,545,2625000,7397,7500,7250,19318000000,7340,7358
باما,1395/10/15,289,1313000,7088,7395,7088,9468000000,7130,7211
باما,1395/10/18,695,3398000,7429,7451,7302,25119000000,7378,7392
باما,1395/10/19,342,1335000,7400,7478,7255,9804000000,7300,7345
باما,1395/10/20,443,1769000,7350,7460,7290,13098000000,7436,7404
باما,1395/10/22,1070,5735000,7730,7774,7610,44330000000,7774,7730
باما,1395/10/25,1230,9213000,8116,8116,8040,74723000000,8072,8111
باما,1395/10/26,754,2674000,8000,8111,7810,21123000000,7850,7898
باما,1395/10/27,501,1898000,7850,7945,7777,14918000000,7840,7858
باما,1395/11/17,465,1648000,7130,7341,7130,11915000000,7201,7230
باما,1395/11/18,566,1807000,7210,7329,7021,12897000000,7100,7138
باما,1395/11/19,683,2269000,7125,7138,6900,15901000000,6920,7008
باما,1395/11/20,570,1902000,7040,7334,6915,13695000000,7140,7202
باما,1395/11/23,903,7953000,7562,7562,7470,60109000000,7562,7558
باما,1395/11/24,559,1927000,7558,7770,7252,14625000000,7599,7589
باما,1395/11/25,783,4368000,7698,7950,7698,34457000000,7880,7888
باما,1395/11/26,405,2282000,7899,7950,7706,17914000000,7841,7851
باما,1395/11/27,411,2030000,7819,7936,7758,15853000000,7810,7808
باما,1395/11/30,695,5972000,7490,7688,7418,44552000000,7418,7460
باما,1395/12/01,705,3118000,7201,7300,7160,22523000000,7240,7223
باما,1395/12/02,311,969037,7349,7360,7180,7056000000,7230,7281
باما,1395/12/03,323,1186000,7402,7500,7260,8687000000,7280,7325
باما,1395/12/04,343,1312000,7285,7285,7170,9447000000,7200,7200
باما,1395/12/07,448,1393000,7350,7350,7000,9855000000,7000,7074
باما,1395/12/08,333,1013000,7190,7190,6906,7087000000,6906,6993
باما,1395/12/09,338,782133,6960,7120,6822,5381000000,6856,6880
باما,1395/12/10,492,1713000,6877,6877,6560,11420000000,6620,6665
باما,1395/12/11,309,875084,6771,6900,6566,5963000000,6802,6815
باما,1395/12/14,304,976793,6617,6760,6475,6379000000,6475,6531
باما,1395/12/15,323,854734,6450,6450,6224,5386000000,6300,6301
باما,1396/01/09,211,552802,6698,6729,6600,3681000000,6727,6658
باما,1396/01/20,387,1145000,6600,6749,6351,7414000000,6600,6475
باما,1396/01/21,778,2519000,6390,6390,6152,15668000000,6250,6220
باما,1396/01/23,569,2954000,5940,6098,5909,17488000000,5999,5921
باما,1396/01/26,418,950988,6055,6098,5905,5724000000,6032,6019
باما,1396/01/27,457,1745000,6080,6080,5800,10221000000,5887,5857
باما,1396/01/28,282,1102000,5900,5987,5820,6492000000,5845,5892
باما,1396/01/29,312,779550,6038,6038,5800,4552000000,5806,5839
باما,1396/01/30,854,3539000,5700,5750,5548,19849000000,5744,5608
باما,1396/02/02,516,1573000,5850,5888,5701,9111000000,5730,5792
باما,1396/02/03,411,1619000,5811,5830,5513,9110000000,5687,5628
باما,1396/02/04,288,1078000,5700,5800,5581,6144000000,5723,5698
باما,1396/02/06,425,1177000,5749,5970,5749,6949000000,5905,5905
باما,1396/02/09,307,938312,6023,6080,5850,5597000000,5850,5965
باما,1396/02/10,202,507011,5800,5992,5782,2970000000,5889,5858
باما,1396/02/11,229,1182000,5800,5980,5800,6946000000,5980,5878
باما,1396/02/12,526,3976000,6061,6171,6060,24513000000,6171,6166
باما,1396/02/13,360,1074000,6178,6221,6060,6585000000,6169,6131
باما,1396/02/16,259,802668,6010,6010,5825,4707000000,5853,5865
باما,1396/02/17,174,702962,5800,6030,5702,4142000000,6000,5892
باما,1396/02/18,196,1571000,5820,5980,5820,9248000000,5853,5885
باما,1396/03/07,217,927192,6467,6671,6467,6057000000,6500,6533
باما,1396/03/08,358,2324000,6500,6500,6365,14890000000,6402,6406
باما,1396/03/16,245,2320000,5796,5799,5650,13278000000,5699,5723
باما,1396/03/17,365,2925000,5780,5780,5441,16174000000,5480,5531
باما,1396/03/20,192,1167000,5700,5807,5700,6754000000,5807,5786
باما,1396/03/21,141,1589000,5660,6070,5660,9551000000,5810,6011
باما,1396/03/22,51,152168,5990,5995,5750,885771000,5750,5866
باما,1396/03/23,124,659270,5700,5850,5600,3762000000,5790,5706
باما,1396/03/24,75,346487,5790,5790,5634,1970000000,5700,5686
باما,1396/03/27,66,281675,5866,5868,5651,1599000000,5671,5676
باما,1396/03/28,212,1072000,5700,5749,5663,6111000000,5703,5701
باما,1396/03/29,59,230212,5703,5800,5703,1328000000,5760,5767
باما,1396/03/30,62,167455,5850,5920,5850,985674000,5920,5867
باما,1396/03/31,45,190395,5861,5920,5700,1103000000,5840,5799
باما,1396/04/03,48,460674,6088,6088,6088,2805000000,6088,6088
باما,1396/04/04,346,2157000,6100,6300,6100,13365000000,6200,6195
باما,1396/04/07,505,3280000,6390,6504,6340,21275000000,6504,6487
باما,1396/04/10,243,957666,6750,6800,6526,6382000000,6550,6664
باما,1396/04/11,167,580807,6451,6539,6430,3772000000,6483,6495
باما,1396/04/12,340,1982000,6550,6739,6550,13214000000,6580,6668
باما,1396/04/13,221,967448,6673,6800,6440,6403000000,6540,6618
باما,1396/05/02,188,1516000,7302,7445,7290,11164000000,7301,7365
باما,1396/05/03,260,2362000,7500,7560,7300,17503000000,7397,7411
باما,1396/05/04,366,2688000,7400,7670,7270,20092000000,7280,7476
باما,1396/05/07,281,2520000,7282,7282,7103,18080000000,7200,7176
باما,1396/05/08,103,749263,7110,7300,7110,5404000000,7200,7213
باما,1396/05/09,211,2218000,7299,7450,7288,16378000000,7409,7385
باما,1396/05/10,125,522946,7386,7472,7212,3814000000,7260,7293
باما,1396/05/11,111,742993,7230,7293,7108,5319000000,7179,7159
باما,1396/05/15,70,308510,7120,7300,7120,2234000000,7200,7241
باما,1396/05/16,84,522452,7280,7300,7158,3765000000,7300,7207
باما,1396/05/17,332,2176000,7401,7567,7375,16344000000,7480,7510
باما,1396/05/18,413,2210000,7570,7850,7570,17103000000,7763,7738
باما,1396/05/21,178,1519000,7700,7700,7456,11420000000,7598,7517
باما,1396/05/22,136,525075,7500,7550,7386,3908000000,7393,7443
باما,1396/05/23,101,604931,7550,7650,7300,4466000000,7300,7383
باما,1396/05/24,212,739823,7499,7550,7300,5469000000,7300,7392
باما,1396/05/25,346,1972000,7500,7750,7411,15100000000,7748,7657
باما,1396/05/28,817,5420000,8039,8039,8010,43565000000,8039,8038
باما,1396/05/29,306,1002000,8220,8220,7900,7999000000,8000,7979
باما,1396/05/30,307,813120,8100,8185,7777,6474000000,7879,7962
باما,1396/05/31,201,569831,7880,8000,7666,4471000000,7807,7847
باما,1396/06/21,102,331198,7301,7450,7286,2433000000,7390,7346
باما,1396/06/22,175,687811,7322,7439,7150,4968000000,7200,7223
باما,1396/06/25,122,620012,7226,7395,7200,4543000000,7395,7327
باما,1396/06/26,142,715754,7243,7389,7240,5228000000,7360,7304
باما,1396/06/27,57,146953,7379,7439,7330,1087000000,7330,7370
باما,1396/06/28,110,317446,7460,7460,7350,2340000000,7388,7371
باما,1396/06/29,63,296489,7449,7450,7201,2180000000,7354,7353
باما,1396/07/01,111,359978,7266,7433,7237,2667000000,7430,7410
باما,1396/07/02,343,496200,7400,7430,7276,3651000000,7400,7358
باما,1396/07/03,339,511227,7399,7647,7399,3789000000,7400,7412
باما,1396/07/04,383,1105000,7400,7580,7377,8239000000,7410,7458
باما,1396/07/05,162,710140,7400,7499,7400,5291000000,7450,7450
باما,1396/07/10,140,265618,7450,7499,7287,1967000000,7323,7404
باما,1396/07/11,242,849972,7480,7598,7416,6361000000,7500,7484
باما,1396/07/12,188,798834,7609,7720,7502,6092000000,7502,7626
باما,1396/07/15,170,626355,7502,7600,7450,4697000000,7469,7500
باما,1396/07/16,136,754066,7421,7499,7380,5609000000,7456,7439
باما,1396/07/17,164,609871,7480,7650,7455,4584000000,7650,7517
باما,1396/07/18,152,396888,7585,7647,7510,2987000000,7520,7527
باما,1396/07/19,104,428853,7550,7636,7428,3215000000,7452,7498
باما,1396/07/22,104,390919,7589,7589,7487,2935000000,7490,7508
باما,1396/08/13,112,549726,7985,7998,7850,4365000000,7940,7940
باما,1396/08/14,129,932516,7997,8010,7900,7431000000,7930,7969
باما,1396/08/15,96,285942,7980,7980,7780,2262000000,7900,7909
باما,1396/08/16,72,275233,7950,7997,7901,2184000000,7930,7935
باما,1396/08/17,75,255296,7920,7921,7850,2014000000,7862,7887
باما,1396/08/20,57,397590,7866,7948,7860,3132000000,7860,7878
باما,1396/08/21,68,501610,7890,7910,7870,3959000000,7880,7893
باما,1396/08/22,100,570393,7930,7930,7880,4506000000,7880,7899
باما,1396/08/23,62,264297,7899,7950,7883,2091000000,7900,7913
باما,1396/08/24,111,549134,7883,7901,7800,4308000000,7800,7846
باما,1396/08/27,60,114312,7850,7890,7777,896782000,7777,7845
باما,1396/08/29,67,264125,7670,7850,7660,2058000000,7800,7792
باما,1396/08/30,216,1332000,7800,7854,7768,10395000000,7800,7803
باما,1396/09/01,542,5467000,7900,8193,7880,43889000000,8151,8029
باما,1396/09/04,559,4090000,8192,8430,8100,34374000000,8380,8405
باما,1396/09/05,208,718770,8395,8405,8300,6003000000,8405,8352
باما,1396/09/07,201,770920,8362,8450,8250,6431000000,8329,8342
باما,1396/09/08,117,363358,8400,8499,8280,3035000000,8320,8351
باما,1396/09/11,165,357078,8386,8460,8301,2986000000,8360,8363
باما,1396/09/12,135,470448,8443,8443,8250,3918000000,8260,8328
باما,1396/09/13,48,153261,8261,8350,8230,1266000000,8231,8278
باما,1396/10/04,705,4690000,8750,9073,8750,42453000000,9050,9052
باما,1396/10/05,241,680819,9000,9000,8755,6033000000,8860,8862
باما,1396/10/06,153,410438,8853,8900,8700,3625000000,8870,8832
باما,1396/10/09,242,672538,8841,8939,8701,5942000000,8832,8835
باما,1396/10/10,500,3437000,8700,8700,8394,28913000000,8559,8412
باما,1396/10/11,112,394032,8490,8792,8490,3375000000,8577,8566
باما,1396/10/12,77,318568,8584,8694,8500,2730000000,8600,8570
باما,1396/10/13,307,4210000,8601,8740,8598,36364000000,8716,8637
باما,1396/10/16,317,3018000,8775,9068,8775,27354000000,9068,9064
باما,1396/10/17,240,632066,9070,9150,9000,5716000000,9020,9043
باما,1396/10/18,692,2854000,9101,9494,9101,26678000000,9494,9349
باما,1396/10/19,507,3390000,9699,9810,9500,32795000000,9610,9673
باما,1396/10/20,199,642608,9260,9498,9253,6067000000,9459,9441
باما,1396/10/23,266,889298,9800,9850,9632,8678000000,9789,9758
باما,1396/10/24,186,510005,9846,9846,9655,4962000000,9721,9729
باما,1396/10/25,417,1716000,9870,10215,9870,17174000000,10000,10010
باما,1396/10/26,347,1175000,10050,10051,9818,11726000000,10000,9980
باما,1396/10/27,271,1366000,9872,10040,9861,13654000000,9970,9993
باما,1396/10/30,298,1215000,10055,10250,9900,12223000000,10060,10059
باما,1396/11/01,245,1403000,10000,10130,9811,14007000000,10130,9986
باما,1396/11/02,388,2247000,9884,10180,9884,22497000000,10039,10012
باما,1396/11/23,332,1375000,10102,10398,9956,13801000000,10042,10038
باما,1396/11/24,224,834860,10111,10300,10100,8488000000,10180,10167
باما,1396/11/25,222,534818,10294,10500,10294,5549000000,10301,10376
باما,1396/11/28,270,1269000,10500,10894,10500,13749000000,10740,10831
باما,1396/11/29,208,1063000,10894,10894,10520,11306000000,10651,10637
باما,1396/11/30,142,438995,10700,10700,10510,4647000000,10650,10586
باما,1396/12/02,353,1452000,10750,10775,10356,15231000000,10371,10488
باما,1396/12/09,330,1040000,10450,10500,10144,10658000000,10230,10250
باما,1396/12/12,609,3426000,9741,10000,9738,33370000000,9738,9740
باما,1396/12/13,203,538726,9735,9900,9612,5226000000,9890,9701
باما,1396/12/14,193,601395,9998,9998,9645,5860000000,9690,9744
باما,1396/12/15,307,1302000,9400,9500,9100,12131000000,9200,9318
باما,1396/12/16,220,644243,9478,9478,9200,5993000000,9280,9302
باما,1396/12/19,163,755074,9499,9499,9223,7024000000,9274,9302
باما,1396/12/20,129,573355,9440,9440,9251,5352000000,9252,9334
باما,1396/12/21,119,468292,9350,9350,9001,4267000000,9059,9111
باما,1396/12/22,132,306486,9051,9210,9051,2804000000,9162,9148
باما,1396/12/23,205,652298,9103,9437,9103,6113000000,9414,9372
باما,1396/12/26,90,366558,9202,9467,9200,3432000000,9389,9362
باما,1396/12/27,39,229683,9491,9491,9315,2158000000,9410,9397
باما,1396/12/28,120,569279,9458,9499,9201,5352000000,9300,9402
باما,1397/01/28,160,1015000,8540,8550,8295,8580000000,8549,8454
باما,1397/01/29,181,605803,8661,8685,8500,5209000000,8685,8598
باما,1397/02/01,139,631403,8652,8801,8652,5538000000,8779,8772
باما,1397/02/02,140,597318,8731,8800,8635,5232000000,8800,8759
باما,1397/02/03,101,543380,8750,8996,8750,4812000000,8904,8856
باما,1397/02/04,59,197189,8909,8910,8631,1728000000,8860,8762
باما,1397/02/05,147,896001,8879,8920,8572,7730000000,8699,8628
باما,1397/02/08,95,477095,8610,8610,8300,3993000000,8304,8368
باما,1397/02/09,169,722835,8359,8359,8107,5911000000,8142,8177
باما,1397/02/10,138,451101,8050,8250,8050,3682000000,8211,8162
باما,1397/02/11,47,152324,8151,8220,8151,1245000000,8200,8173
باما,1397/02/15,242,1126000,8150,8150,7766,8845000000,7830,7857
باما,1397/02/16,86,176021,7765,8098,7765,1398000000,8080,7931
باما,1397/02/17,90,306019,8175,8318,8060,2504000000,8280,8182
باما,1397/02/18,74,343621,8529,8529,8215,2851000000,8225,8297
باما,1397/02/19,316,1616000,8360,8370,8000,13251000000,8157,8198
باما,1397/02/22,46,128256,8215,8440,8100,1050000000,8200,8189
باما,1397/02/23,162,469590,8160,8280,8040,3820000000,8054,8134
باما,1397/02/24,200,518653,8270,8540,8174,4354000000,8540,8394
باما,1397/02/25,78,217698,8440,8650,8440,1856000000,8590,8526
باما,1397/02/26,61,402081,8539,8539,8353,3383000000,8353,8413
باما,1397/03/20,165,623122,8690,8774,8586,5430000000,8731,8715
باما,1397/03/21,187,1255000,8720,8794,8650,10909000000,8720,8692
باما,1397/03/22,349,1964000,8740,9126,8700,17757000000,9126,9040
باما,1397/03/23,120,1146000,9480,9492,9160,10879000000,9492,9490
باما,1397/03/27,202,2011000,9964,9964,9644,20022000000,9964,9958
باما,1397/03/28,777,4611000,10299,10299,9835,45990000000,9885,9975
باما,1397/04/04,227,1472000,5996,5996,5697,8540000000,5697,5801
باما,1397/04/05,77,578303,5511,5511,5511,3187000000,5511,5511
باما,1397/04/06,45,230627,5236,5236,5236,1208000000,5236,5352
باما,1397/04/09,524,2698000,5085,5236,5085,13750000000,5085,5097
باما,1397/04/10,187,630652,5198,5200,4850,3148000000,4999,4992
باما,1397/04/11,273,3019000,4999,5049,4940,15076000000,5020,4994
باما,1397/04/12,243,991447,5021,5080,4900,4954000000,4950,4997
باما,1397/04/13,394,6247000,4901,5135,4770,31128000000,4846,4983
باما,1397/04/16,347,1707000,4890,4949,4734,8106000000,4735,4750
باما,1397/04/17,167,685445,4600,4760,4555,3216000000,4700,4692
باما,1397/04/19,124,379442,4605,4799,4520,1735000000,4555,4580
باما,1397/04/20,112,488158,4351,4351,4351,2124000000,4351,4351
باما,1397/04/23,204,343608,4161,4531,4161,1454000000,4200,4248
باما,1397/04/24,173,650339,4170,4390,4160,2726000000,4189,4192
باما,1397/04/25,187,739987,4200,4300,4046,3065000000,4100,4142
باما,1397/05/14,365,4891000,5361,5361,5241,26217000000,5361,5360
باما,1397/05/15,34,415850,5628,5628,5628,2340000000,5628,5628
باما,1397/05/16,419,5406000,5909,5909,5706,31941000000,5909,5908
باما,1397/05/17,13,209885,6203,6203,6203,1302000000,6203,6063
باما,1397/05/21,1118,9827000,6150,6220,5900,59337000000,6190,6038
باما,1397/05/22,855,4487000,6249,6339,6152,28265000000,6339,6300
باما,1397/05/23,872,9486000,6397,6450,6045,58812000000,6160,6200
باما,1397/05/24,761,4730000,6062,6100,5890,27984000000,5920,5916
باما,1397/05/27,621,4597000,5652,5835,5621,26082000000,5690,5673
باما,1397/05/28,411,1679000,5550,5787,5550,9551000000,5658,5690
باما,1397/05/29,466,5424000,5600,5974,5600,32347000000,5974,5963
باما,1397/05/30,559,2871000,6000,6110,5800,17234000000,6059,6003
باما,1397/06/03,189,1894000,6261,6303,6150,11916000000,6303,6290
باما,1397/06/04,73,1122000,6604,6604,6604,7410000000,6604,6604
باما,1397/06/05,40,565742,6934,6934,6934,3923000000,6934,6934
باما,1397/06/06,1053,7765000,7280,7643,6916,55582000000,7213,7158
باما,1397/06/07,636,4241000,7350,7515,7250,31608000000,7515,7454
باما,1397/06/10,984,5101000,7799,7826,7410,39142000000,7430,7674
باما,1397/06/11,234,1126000,7499,7499,7291,8231000000,7291,7306
باما,1397/06/12,885,6691000,6941,7450,6941,47327000000,7150,7073
باما,1397/06/13,822,7310000,7420,7426,7262,53919000000,7398,7376
باما,1397/07/03,126,1281000,9873,9873,9500,12644000000,9873,9871
باما,1397/07/04,19,497812,10364,10364,10364,5159000000,10364,10364
باما,1397/07/07,52,835302,10882,11426,10882,9543000000,11426,11425
باما,1397/07/09,679,5474000,11995,12594,11605,66874000000,12540,12217
باما,1397/07/10,300,2242000,12100,12200,11607,26228000000,11607,11699
باما,1397/07/11,956,6567000,11115,11630,11115,73700000000,11170,11224
باما,1397/07/14,412,2984000,11687,11699,10663,32434000000,10663,10868
باما,1397/07/15,65,498586,10325,10325,10325,5148000000,10325,10325
باما,1397/07/16,160,1862000,9809,9809,9809,18262000000,9809,9809
باما,1397/07/17,374,3004000,10299,10813,10001,32054000000,10291,10672
باما,1397/07/18,322,2077000,11000,11000,10139,21086000000,10139,10150
باما,1397/07/21,96,404963,9999,10000,9643,3944000000,9643,9738
باما,1397/07/22,67,305075,9252,9252,9252,2823000000,9252,9367
باما,1397/07/23,257,1329000,9350,9835,9350,12932000000,9835,9731
باما,1397/07/24,435,2075000,10217,10217,9770,21042000000,9850,10142
باما,1397/07/25,423,2715000,9635,9998,9635,26230000000,9670,9660
باما,1397/07/28,310,1435000,9670,10143,9670,14530000000,10143,10124
باما,1397/07/29,274,1596000,10400,10400,9900,16150000000,10050,10117
باما,1397/07/30,272,1774000,10200,10200,9612,17426000000,10100,9824
باما,1397/08/01,296,2122000,9990,9990,9333,19993000000,9460,9423
باما,1397/08/02,260,1300000,9501,9650,9336,12177000000,9400,9365
باما,1397/08/26,685,2664000,10301,11217,10301,29197000000,10700,10959
باما,1397/08/27,285,1371000,11160,11160,10412,14478000000,10559,10562
باما,1397/08/28,352,1121000,10040,10865,10034,11431000000,10297,10195
باما,1397/08/29,397,1594000,10111,10200,9688,15583000000,9798,9778
باما,1397/08/30,376,2788000,9720,9850,9350,26589000000,9850,9537
باما,1397/09/03,376,1962000,9540,9826,9371,18552000000,9400,9455
باما,1397/09/05,192,1189000,9798,9798,8983,10755000000,8983,9043
باما,1397/09/06,255,1578000,8602,9350,8602,14267000000,9107,9042
باما,1397/09/07,330,874865,9211,9211,8600,7678000000,8811,8776
باما,1397/09/10,298,1307000,8800,8820,8338,10956000000,8410,8380
باما,1397/09/11,188,1327000,8310,8799,8310,11661000000,8799,8790
باما,1397/09/12,61,954308,9229,9229,9229,8807000000,9229,9229
باما,1397/09/13,552,4257000,9690,9690,9376,40906000000,9620,9608
باما,1397/09/14,501,2796000,9611,9800,9501,27019000000,9501,9664
باما,1397/09/17,215,1391000,9510,9996,9510,13530000000,9800,9725
باما,1397/09/18,185,1026000,9820,9820,9401,9761000000,9550,9512
باما,1397/09/19,179,1011000,9540,9611,9291,9512000000,9437,9406
باما,1397/09/20,215,1978000,9301,9548,9250,18620000000,9280,9413
باما,1397/09/21,126,572860,9120,9400,9020,5289000000,9150,9233
باما,1397/09/24,204,1619000,9440,9505,9200,15294000000,9220,9448
باما,1397/09/25,293,1258000,9005,9489,8976,11323000000,8976,9001
باما,1397/10/15,192,716064,8503,8650,8500,6117000000,8645,8543
باما,1397/10/16,251,660201,8500,8798,8500,5736000000,8655,8689
باما,1397/10/17,267,1009000,8558,8988,8558,8852000000,8774,8771
باما,1397/10/18,377,1932000,8900,9109,8802,17413000000,9024,9014
باما,1397/10/19,360,1833000,9179,9180,9018,16667000000,9110,9092
باما,1397/10/22,160,236832,9095,9095,8930,2128000000,8938,9029
باما,1397/10/23,219,541660,8653,9020,8653,4780000000,8760,8825
باما,1397/10/24,278,1379000,8760,8848,8671,12001000000,8692,8705
باما,1397/10/25,383,1842000,8732,8842,8680,16098000000,8840,8739
باما,1397/10/26,342,1594000,8697,8800,8652,13887000000,8750,8710
باما,1397/10/29,435,1940000,8844,9145,8844,17670000000,9040,9110
باما,1397/10/30,442,2566000,9144,9450,9060,23546000000,9070,9176
باما,1397/11/01,185,602190,9151,9151,8721,5374000000,8999,8923
باما,1397/11/02,221,583600,8992,9198,8980,5289000000,8980,9063
باما,1397/11/03,278,874519,9080,9100,9006,7887000000,9006,9018
باما,1397/11/06,239,908342,9041,9198,8801,8134000000,8850,8955
باما,1397/11/07,201,1269000,8820,8970,8652,11141000000,8719,8777
باما,1397/11/08,178,350425,8651,8950,8650,3082000000,8780,8792
باما,1397/11/09,138,517751,8750,8887,8615,4496000000,8700,8683
باما,1397/11/10,572,575113,8779,8990,8703,5085000000,8800,8842
باما,1397/11/13,137,243708,9000,9080,8838,2173000000,8895,8887
باما,1397/12/05,554,3497000,10180,10236,9811,35294000000,10230,10091
باما,1397/12/06,549,1840000,10190,10394,9902,18774000000,10290,10204
باما,1397/12/07,463,6100000,9850,10179,9850,60968000000,10000,9994
باما,1397/12/08,299,4437000,10340,10340,9868,44439000000,9907,10015
باما,1397/12/11,423,772426,10030,10079,9791,7630000000,9850,9878
باما,1397/12/12,290,1932000,10071,10071,9702,18979000000,9820,9822
باما,1397/12/13,766,2425000,9825,10100,9553,23846000000,9763,9834
باما,1397/12/14,148,779055,10000,10000,9700,7613000000,9850,9772
باما,1397/12/15,194,780427,9800,9800,9650,7559000000,9650,9686
باما,1397/12/18,160,686293,9666,9666,9505,6545000000,9562,9537
باما,1397/12/19,555,1571000,9501,10013,9501,15579000000,9951,9919
باما,1397/12/20,612,16093000,10199,10280,9920,1.64123E+11,10270,10199
باما,1397/12/21,629,4711000,10245,10708,10005,49132000000,10708,10430
باما,1397/12/22,308,6160000,10951,10951,10900,67461000000,10951,10951
باما,1397/12/25,1455,5477000,11200,11349,10755,60619000000,11204,11067
باما,1397/12/26,513,6480000,10995,11498,10780,71545000000,11379,11041
باما,1397/12/27,1109,2264000,11475,11593,11113,26056000000,11593,11508
باما,1397/12/28,648,4349000,12000,12083,11723,52330000000,12083,12032
باما,1398/01/05,867,5256000,12400,12633,12210,66225000000,12540,12599
باما,1398/01/06,1481,2748000,12500,12602,12051,33483000000,12249,12183
باما,1398/01/07,564,2627000,12298,12299,11700,31529000000,12000,12004
باما,1398/02/02,632,4292000,13600,13690,12728,55330000000,12728,12892
باما,1398/02/03,433,2300000,12500,12850,12250,28826000000,12500,12534
باما,1398/02/04,435,1664000,12310,12989,12251,21133000000,12700,12703
باما,1398/02/07,364,1176000,12880,13338,12880,15418000000,12972,13114
باما,1398/02/08,568,1366000,13001,13499,12800,17766000000,13110,13003
باما,1398/02/09,429,1316000,13100,13270,12950,17258000000,12950,13112
باما,1398/02/10,474,3904000,13225,13300,12801,50640000000,12810,12970
باما,1398/02/11,461,2781000,13000,13600,12906,36830000000,13000,13243
باما,1398/02/14,590,2705000,13489,13489,12605,35383000000,13249,13079
باما,1398/02/15,501,3002000,13300,13300,12755,39015000000,12925,12998
باما,1398/02/16,621,4881000,13000,13220,12349,60922000000,12349,12482
باما,1398/02/17,474,3127000,12000,12500,11900,37548000000,12010,12007
باما,1398/02/18,428,2276000,12050,12600,11941,27606000000,12497,12127
باما,1398/02/21,642,3560000,12490,12490,11549,41782000000,11555,11736
باما,1398/02/22,392,2617000,11402,11739,11201,29722000000,11720,11355
باما,1398/02/23,262,3217000,11729,11922,11335,38249000000,11922,11891
باما,1398/02/24,318,3805000,12485,12485,12485,47501000000,12485,12485
باما,1398/02/25,1363,10146000,12940,13109,12650,1.32394E+11,13109,13049
باما,1398/02/28,809,8097000,13489,13701,13000,1.10289E+11,13701,13620
باما,1398/02/29,726,2887000,14278,14278,13601,40237000000,13900,13937
باما,1398/02/30,446,1314000,13510,13840,13300,17829000000,13601,13569
باما,1398/03/28,313,601864,13539,14400,13539,8400000000,13800,13957
باما,1398/03/29,408,2056000,13601,13980,13401,28190000000,13680,13709
باما,1398/04/01,277,1103000,13100,13789,13100,14804000000,13599,13422
باما,1398/04/02,571,1248000,13422,13890,13400,17018000000,13800,13634
باما,1398/04/03,675,3420000,14000,14290,13500,48106000000,14100,14067
باما,1398/04/04,634,2629000,14000,14770,13930,37937000000,14770,14429
باما,1398/04/05,185,1429000,15150,15150,15150,21657000000,15150,15150
باما,1398/04/09,743,2492000,15800,15848,15127,38286000000,15150,15362
باما,1398/04/10,662,2348000,15002,15007,14594,34476000000,14800,14682
باما,1398/04/11,517,3128000,14890,14908,14300,46008000000,14900,14707
باما,1398/04/12,414,2203000,14700,15020,14306,32673000000,15020,14832
باما,1398/04/15,380,2607000,14950,15000,14400,38717000000,14831,14852
باما,1398/04/16,291,1357000,14600,15025,14401,20335000000,15000,14987
باما,1398/04/17,538,2306000,15000,15736,15000,35862000000,15736,15551
باما,1398/04/18,613,2516000,15006,16328,15006,40730000000,16000,16188
باما,1398/04/19,420,2606000,16200,16850,16010,42599000000,16428,16348
باما,1398/04/22,372,1578000,16689,16689,15954,25648000000,16355,16251
باما,1398/04/23,293,1286000,16720,16800,16321,21293000000,16500,16560
باما,1398/04/24,228,1318000,16209,16998,16061,21750000000,16403,16497
باما,1398/04/25,212,2472000,16002,16010,15673,38768000000,15673,15684
باما,1398/04/26,277,958204,14915,15700,14915,14684000000,15680,15325
باما,1398/05/15,819,5807000,14700,15000,14200,85925000000,14750,14797
باما,1398/05/16,1032,3015000,14996,15000,14247,44315000000,14250,14696
باما,1398/05/19,784,1778000,14600,14900,14263,25997000000,14600,14620
باما,1398/05/20,2645,2402000,14994,14996,14551,35388000000,14620,14731
باما,1398/05/22,1581,1169000,14620,14620,14350,16939000000,14455,14496
باما,1398/05/23,1154,1799000,14600,14731,14500,26317000000,14505,14627
باما,1398/05/26,700,988628,14501,14715,14200,14161000000,14295,14323
باما,1398/05/27,1001,1795000,14549,14549,13941,25334000000,13999,14115
باما,1398/05/28,853,1669000,14244,14495,14001,23924000000,14441,14332
باما,1398/05/30,1415,2398000,14500,14750,14101,34835000000,14699,14529
باما,1398/06/02,2529,6003000,14680,14750,14096,86619000000,14188,14429
باما,1398/06/03,1711,4118000,14380,14500,13990,58880000000,14490,14298
باما,1398/06/04,1710,4342000,14598,15000,14589,64679000000,14870,14896
باما,1398/06/05,2024,3640000,15020,15022,14400,53924000000,14420,14812
باما,1398/06/06,1315,2602000,14700,14700,14190,37747000000,14500,14504
باما,1398/06/09,2532,6620000,14850,15229,14367,99341000000,15087,15007
باما,1398/06/10,2713,7821000,15007,15757,14801,1.21952E+11,15757,15593
باما,1398/06/11,2323,4387000,16099,16099,14821,67572000000,15249,15402
باما,1398/06/12,1254,2152000,15480,15555,15011,33066000000,15319,15367
باما,1398/06/13,1349,2203000,15470,15470,15001,33438000000,15349,15175
باما,1398/06/16,1496,3235000,15724,15933,15400,51165000000,15933,15816
باما,1398/07/07,1706,2935000,17700,17700,16531,49212000000,16741,16765
باما,1398/07/08,1552,3499000,16950,16950,16520,58129000000,16540,16613
باما,1398/07/09,1580,3489000,16739,16739,16149,56769000000,16330,16271
باما,1398/07/10,1165,2201000,16400,16799,15890,35921000000,16240,16318
باما,1398/07/13,1231,1983000,16270,16450,15917,31949000000,15941,16112
باما,1398/07/14,877,2053000,15925,16100,15400,32566000000,15970,15859
باما,1398/07/15,1142,2465000,15900,16600,15893,40077000000,16147,16261
باما,1398/07/16,817,1935000,16400,16400,15448,30139000000,15448,15573
باما,1398/07/17,695,746764,14922,15999,14922,11624000000,15620,15565
باما,1398/07/20,726,1833000,16000,16343,16000,29730000000,16343,16220
باما,1398/07/21,647,1317000,16601,16601,16001,21560000000,16216,16367
باما,1398/07/22,474,1118000,16367,16367,15551,17701000000,15999,15838
باما,1398/07/23,848,3169000,15830,16359,15047,49113000000,15397,15500
باما,1398/07/24,580,1214000,15000,15396,14900,18381000000,15199,15135
باما,1398/07/28,505,1703000,15003,15149,14379,24598000000,14379,14444
باما,1398/07/29,603,1244000,13724,14400,13722,17170000000,14229,13807
باما,1398/07/30,387,1195000,14001,14497,14001,17181000000,14340,14377
باما,1398/08/01,608,1170000,14175,14177,13659,16035000000,13905,13710
باما,1398/08/04,367,840547,13720,14376,13500,11779000000,14099,14014
باما,1398/08/06,315,560337,14010,14714,14010,8187000000,14714,14610
باما,1398/08/08,835,2293000,15299,15299,14757,34353000000,14997,14983
باما,1398/08/29,409,2575000,14200,14919,14200,38357000000,14919,14898
باما,1398/09/02,613,1186000,14998,15370,14612,17674000000,14641,14899
باما,1398/09/03,466,1108000,14898,15349,14520,16621000000,15080,14996
باما,1398/09/04,788,2935000,15249,15745,15100,45767000000,15745,15595
باما,1398/09/05,1225,5831000,15799,16374,15750,94781000000,16374,16254
باما,1398/09/06,792,2167000,16800,16800,16010,35249000000,16445,16265
باما,1398/09/09,713,1680000,16850,16850,15750,27511000000,16219,16373
باما,1398/09/10,859,2511000,16101,16300,15591,40173000000,16110,15999
باما,1398/09/11,673,1934000,15902,16398,15500,30747000000,15900,15901
باما,1398/09/12,1062,2738000,15900,16696,15600,45286000000,16696,16541
باما,1398/09/13,716,1904000,16950,16950,16100,31565000000,16431,16580
باما,1398/09/16,1015,5041000,16505,17409,16505,87668000000,17409,17392
باما,1398/09/17,1204,2923000,17801,18255,17502,52108000000,17798,17825
باما,1398/09/18,1230,3320000,17800,18292,17500,59300000000,18250,17859
باما,1398/09/19,848,3648000,18310,18751,18208,67958000000,18400,18631
باما,1398/09/20,706,1674000,18630,19170,18002,31352000000,18980,18734
باما,1398/09/23,1011,2232000,19330,19330,18407,41826000000,18700,18740
باما,1398/09/24,715,2046000,18998,18998,18383,38097000000,18530,18619
باما,1398/09/25,856,2232000,18381,19050,18026,41552000000,19000,18620
باما,1398/09/26,570,1794000,19100,19280,18632,33738000000,18801,18810
باما,1398/09/27,676,919540,18843,18990,18400,17049000000,18487,18540
باما,1398/10/18,106,1064000,17489,17489,17489,18605000000,17489,17489
باما,1398/10/21,64,505376,17838,17838,17838,9015000000,17838,17838
باما,1398/10/22,49,161868,18729,18729,18729,3032000000,18729,18199
باما,1398/10/23,112,1652000,19108,19108,19108,31558000000,19108,19108
باما,1398/10/24,801,4629000,20063,20063,19501,92658000000,20063,20017
باما,1398/10/25,457,2516000,20499,21017,19800,52379000000,21017,20816
باما,1398/10/28,232,2137000,21856,21856,21856,46717000000,21856,21856
باما,1398/10/29,551,2803000,22948,22948,22000,64154000000,22948,22889
باما,1398/10/30,442,4483000,24033,24033,24033,1.07742E+11,24033,24033
باما,1398/11/01,3361,18766000,24480,25234,23062,4.63808E+11,24079,24716
باما,1398/11/02,1532,7735000,24230,25951,23809,1.94502E+11,25947,25147
باما,1398/11/05,1719,4047000,26404,26404,25417,1.05003E+11,25830,25946
باما,1398/11/07,1468,6363000,27215,28575,27215,1.81538E+11,28470,28532
باما,1398/11/08,2396,5645000,29479,29479,27106,1.58875E+11,27206,28144
باما,1398/11/12,724,2329000,27210,27800,26737,62588000000,26737,26874
باما,1398/11/13,2677,8884000,25800,26800,25531,2.28321E+11,25895,25700
باما,1398/11/14,2739,8818000,26700,26700,24810,2.24054E+11,25000,25410
باما,1398/11/15,2776,11306000,25000,25500,24140,2.74308E+11,24141,24262
باما,1398/11/16,2216,5382000,24060,25468,24060,1.33958E+11,24860,24890
باما,1398/11/19,2241,4085000,25000,25390,23646,98689000000,23767,24160
باما,1398/11/20,1528,2512000,24000,24946,23501,60758000000,24200,24190
باما,1398/12/12,395,2989000,28291,29705,28291,88516000000,29705,29616
باما,1398/12/14,2933,7947000,32505,34130,32201,2.62435E+11,32560,33021
باما,1398/12/19,2274,6904000,29760,30500,28278,2.04357E+11,29100,29601
باما,1398/12/20,2134,7000000,29200,29318,28121,1.99739E+11,28121,28534
باما,1398/12/21,1528,3287000,28105,29896,28105,96108000000,28520,29243
باما,1398/12/24,1843,3963000,27781,27781,26392,1.05484E+11,26392,26615
باما,1398/12/25,1584,3223000,25304,27500,25304,84827000000,26797,26322
باما,1398/12/26,1458,4815000,27638,27638,27600,1.3307E+11,27600,27638
باما,1398/12/27,1008,2484000,26500,27638,26500,67856000000,27510,27322
باما,1398/12/28,1925,3104000,28501,28591,27650,87384000000,28499,28154
باما,1399/01/05,1823,4840000,27100,28154,26747,1.29742E+11,26747,26807
باما,1399/01/06,2105,4169000,26273,27400,26273,1.12938E+11,27098,27090
باما,1399/01/09,4545,6383000,27799,28176,26777,1.7643E+11,27898,27639
باما,1399/01/10,2554,3385000,29020,30415,28237,97548000000,28463,28819
باما,1399/01/11,4893,8129000,29600,30259,27901,2.39288E+11,30259,29437
باما,1399/01/16,1092,3579000,30908,30908,30908,1.10624E+11,30908,30908
باما,1399/01/17,3618,8827000,32453,32453,31064,2.86448E+11,32453,32451
باما,1399/01/18,3728,7191000,34067,34073,32200,2.42326E+11,34073,33698
باما,1399/01/19,630,1308000,33698,35382,35382,46281000000,35382,34995
باما,1399/01/20,3963,7287000,36744,38581,36744,2.77883E+11,37100,38133
باما,1399/01/23,4448,4662000,38900,39599,36500,1.77716E+11,37199,38123
باما,1399/02/10,2340,3806000,45599,48259,45400,1.82152E+11,48259,47857
باما,1399/02/13,1830,6642000,50249,52761,50249,3.50143E+11,52761,52720
باما,1399/02/14,228,1525000,55356,55356,55356,84442000000,55356,55356
باما,1399/02/15,566,1323000,58123,58123,58123,76918000000,58123,58123
باما,1399/02/16,4577,11038000,61029,61029,56000,6.67111E+11,58899,60439
باما,1399/02/17,3999,6513000,58000,63460,57470,3.91071E+11,62880,60048
باما,1399/02/20,535,796056,63050,63050,63050,50191000000,63050,62918
باما,1399/02/21,2678,8016000,66063,66063,59773,5.26509E+11,66063,65678
باما,1399/02/22,4407,6914000,68955,68955,63001,4.52553E+11,63500,65458
باما,1399/02/23,711,908012,65000,65000,62186,56723000000,62186,62469
باما,1399/02/24,2720,3951000,59346,61500,59346,2.36268E+11,59346,59806
باما,1399/02/27,1410,2280000,59346,59346,56816,1.30279E+11,56816,57137
باما,1399/02/28,2786,3844000,54281,59500,54281,2.16628E+11,59000,56360
باما,1399/02/29,915,2525000,59178,59178,59000,1.49421E+11,59178,59177
باما,1399/02/30,1553,5719000,62135,65241,62135,3.71298E+11,65241,64925
باما,1399/02/31,3656,7167000,68171,68171,64000,4.80385E+11,68022,67029
باما,1399/03/03,1509,3766000,70300,70380,70300,2.64989E+11,70380,70368
باما,1399/03/06,2265,10344000,73886,73886,70380,7.6423E+11,73886,73883
باما,1399/03/07,666,2195000,77577,77577,77577,1.70317E+11,77577,77577
باما,1399/03/10,262,165197,81455,81455,81455,13456000000,81455,78571
باما,1399/03/11,256,311371,82499,82499,82499,25688000000,82499,80469
باما,1399/04/08,1727,1048000,184890,184890,184890,1.93717E+11,184890,184890
باما,1399/04/09,1876,1524000,175650,175650,175650,2.67642E+11,175650,175650
باما,1399/04/10,1903,2148000,184430,184430,184430,3.96134E+11,184430,184430
باما,1399/04/11,979,1896000,193650,193650,193650,3.67247E+11,193650,193650
باما,1399/04/14,12049,13053000,203330,203330,183980,2.59312E+12,203330,198660
باما,1399/04/15,4555,4342000,208590,208590,205000,9.02787E+11,208590,207920
باما,1399/04/16,720,984167,218310,218310,218310,2.14853E+11,218310,218310
باما,1399/04/17,4900,5425000,229220,229220,222220,1.24332E+12,229200,229200
باما,1399/04/18,14645,8911000,229000,240660,217740,2.05228E+12,217740,230320
باما,1399/04/21,7356,3887000,218810,240000,218810,8.83554E+11,235000,227300
باما,1399/04/22,5534,4097000,238660,238660,229000,9.71641E+11,232100,237170
باما,1399/04/23,5574,4463000,233000,233000,225320,1.00745E+12,225320,225750
باما,1399/04/24,2945,1737000,225000,225320,214470,3.74181E+11,214470,215450
باما,1399/04/25,1911,1396000,204680,204680,204680,2.85697E+11,204680,204680
باما,1399/04/28,2913,4217000,214910,214910,214910,9.06354E+11,214910,214910
باما,1399/04/29,1078,2312000,225650,225650,225650,5.21756E+11,225650,225650
باما,1399/04/30,1638,2771000,236930,236930,236930,6.5648E+11,236930,236930
باما,1399/04/31,11307,8313000,248770,248770,237030,2.06267E+12,248770,248140
باما,1399/05/01,2413,2865000,260540,260540,260540,7.46485E+11,260540,260540
باما,1399/05/04,607,629579,273560,273560,273560,1.72228E+11,273560,273560
باما,1399/05/05,650,1229000,287230,287230,287230,3.52982E+11,287230,287230
باما,1399/05/26,1467,326025,247860,247860,247860,80809000000,247860,249220
باما,1399/05/27,9016,5851000,236760,247000,236760,1.38832E+12,236760,237280
باما,1399/05/28,9706,8199000,249140,249140,239000,2.03715E+12,249140,248470
باما,1399/05/29,2695,784565,241000,254500,236050,1.88129E+11,236050,239790
باما,1399/06/01,5183,3161000,251000,251000,227810,7.37871E+11,227810,233430
باما,1399/06/02,1000,326953,221760,221760,221760,72505000000,221760,223890
باما,1399/06/03,636,186002,212700,212700,212700,39563000000,212700,218690
باما,1399/06/04,11355,7328000,207760,228800,207760,1.58132E+12,220300,215780
باما,1399/06/05,2698,1770000,226000,226560,220000,3.99611E+11,226560,225750
باما,1399/06/10,9605,5341000,237030,237030,214470,1.2005E+12,214700,224780
باما,1399/06/11,817,218472,213550,213550,213550,46655000000,213550,218650
باما,1399/06/12,541,145052,207720,207720,207720,30130000000,207720,214690
باما,1399/06/15,6047,7284000,203960,213550,203960,1.48925E+12,209000,204450
باما,1399/06/16,4558,2416000,209200,209410,194230,4.78775E+11,194230,198150
باما,1399/06/17,264,48988,188250,188250,188250,9222000000,188250,196940
باما,1399/06/18,243,42098,187100,187100,187100,7877000000,187100,195900
باما,1399/06/19,6355,5836000,186110,195000,186110,1.09078E+12,186400,186900
باما,1399/06/22,9269,4468000,194940,194940,177560,8.191E+11,179580,183310
باما,1399/06/23,743,247520,174150,174150,174150,43106000000,174150,177640
باما,1399/06/24,7879,7083000,168760,177640,168760,1.21019E+12,171600,170860
باما,1399/06/25,2380,2943000,178000,179400,175000,5.2677E+11,179400,179000
باما,1399/07/14,562,1858000,154230,154230,154230,2.86524E+11,154230,154230
باما,1399/07/15,334,1560000,161940,161940,161940,2.52588E+11,161940,161940
باما,1399/07/16,648,4555000,170030,170030,170030,7.74484E+11,170030,170030
باما,1399/07/20,17748,11570000,190000,199500,184010,2.23732E+12,190980,193380
باما,1399/07/21,12267,7893000,183720,196990,183720,1.46851E+12,183750,186050
باما,1399/07/22,8248,3551000,184990,193980,178010,6.6863E+11,191500,188300
باما,1399/07/23,7501,4824000,193000,196010,182100,9.19289E+11,189980,190580
باما,1399/07/27,9411,9128000,193500,200100,191010,1.81797E+12,200100,199160
باما,1399/07/28,7741,4018000,197200,200000,189210,7.75604E+11,189210,193040
باما,1399/07/29,1529,947277,183390,183390,183390,1.73721E+11,183390,183390
باما,1399/07/30,9930,5199000,186000,192550,176000,9.67537E+11,180570,186100
باما,1399/08/03,2079,979844,180030,186200,176800,1.74903E+11,176800,178500
باما,1399/08/05,1187,799825,169580,169580,169580,1.35634E+11,169580,169580
باما,1399/08/06,2307,1653000,161110,168500,161110,2.66622E+11,161110,161300
باما,1399/08/07,6656,4872000,153240,168500,153240,7.66719E+11,159900,157370
باما,1399/08/10,4379,3268000,162000,165230,157500,5.37438E+11,165230,164430
باما,1399/08/11,4944,4128000,168770,168770,156210,6.55127E+11,156210,158720
باما,1399/08/12,3309,1769000,150990,159890,150990,2.71841E+11,151990,153630
باما,1399/08/14,3195,2317000,156900,161310,154010,3.71917E+11,161310,160520
باما,1399/08/17,620,544338,152500,152500,152500,83012000000,152500,152500
باما,1399/08/18,382,380744,144880,144880,144880,55162000000,144880,145250
باما,1399/09/30,11533,36723000,22490,22490,21150,7.84494E+11,21150,21360
باما,1399/10/01,45035,234574000,20300,22420,20300,5.01525E+12,22420,21380
باما,1399/10/02,1080,5673000,22440,22440,22440,1.27292E+11,22440,22440
باما,1399/10/03,1257,11639000,23560,23560,23560,2.74224E+11,23560,23560
باما,1399/10/06,1829,21577000,24730,24730,24730,5.33597E+11,24730,24730
باما,1399/10/07,1726,14933000,25960,25960,25960,3.87648E+11,25960,25960
باما,1399/10/08,1663,14817000,27250,27250,27250,4.03766E+11,27250,27250
باما,1399/10/09,116061,482342000,28610,28610,25890,1.29942E+13,25890,26940
باما,1399/10/10,52321,171867000,25600,27700,25600,4.51977E+12,25880,26300
باما,1399/10/13,17071,68792000,26440,26440,24990,1.73125E+12,24990,25170
باما,1399/10/14,22983,78902000,24000,25660,23920,1.92176E+12,23920,24360
باما,1399/10/15,29081,106469000,24250,25570,23500,2.65372E+12,25570,24920
باما,1399/10/16,29818,94134000,25860,26160,24920,2.44723E+12,26160,26000
باما,1399/10/17,25219,81389000,26570,26570,24700,2.03437E+12,24700,25000
باما,1399/10/20,7400,25415000,24000,24720,23750,6.08741E+11,23750,23950
باما,1399/10/21,28302,99482000,23110,24590,22760,2.29813E+12,22760,23100
باما,1399/10/22,9273,28040000,22610,23060,21950,6.20257E+11,21950,22120
باما,1399/10/23,1400,3914000,21020,21020,21020,82262000000,21020,21040
باما,1399/10/24,2148,5630000,19990,19990,19990,1.12537E+11,19990,19990
باما,1399/10/27,767,2153000,19000,19000,19000,40913000000,19000,19460
باما,1399/10/29,383,1293000,18490,18490,18490,23902000000,18490,19150
باما,1399/11/20,10309,57434000,15400,15450,14090,8.24908E+11,14090,14360
باما,1399/11/21,3660,26660000,14090,15070,13950,3.97426E+11,15070,14910
باما,1399/11/25,10240,84070000,15800,15800,15500,1.32766E+12,15800,15790
باما,1399/11/26,9670,42780000,16000,16380,15480,6.70587E+11,15480,15680
باما,1399/11/27,787,2202000,15370,15370,15370,33848000000,15370,15510
باما,1399/11/28,477,1495000,15200,15200,15200,22730000000,15200,15390
باما,1399/11/29,526,2628000,15090,15090,15090,39658000000,15090,15190
باما,1399/12/02,490,1288000,14890,14890,14890,19175000000,14890,15090
باما,1399/12/03,265,913210,14790,14790,14790,13506000000,14790,15020
باما,1399/12/04,200,729998,14720,14720,14720,10746000000,14720,14970
باما,1399/12/05,544,2565000,14680,14680,14680,37656000000,14680,14780
باما,1399/12/06,566,3205000,14490,14490,14490,46447000000,14490,14550
باما,1399/12/09,233,733038,14260,14260,14260,10453000000,14260,14500
باما,1399/12/10,192,683528,14210,14210,14210,9713000000,14210,14450
باما,1399/12/11,328,968523,14170,14170,14170,13724000000,14170,14380
باما,1399/12/12,481,1570000,14100,14100,14100,22133000000,14100,14270
باما,1399/12/13,386,1041000,13990,13990,13990,14559000000,13990,14200
باما,1399/12/16,258,1123000,13920,13920,13920,15638000000,13920,14120
باما,1399/12/17,414,1319000,13840,13840,13840,18251000000,13840,14030
باما,1399/12/18,1039,5184000,13750,13750,13750,71275000000,13750,13750
باما,1399/12/19,15056,85504000,13480,13800,13480,1.15572E+12,13480,13520
باما,1400/01/17,371,1379000,13320,13320,13320,18373000000,13320,13500
باما,1400/01/18,221,810654,13230,13230,13230,10725000000,13230,13450
باما,1400/01/21,173,536086,13190,13190,13190,7071000000,13190,13420
باما,1400/01/22,131,510267,13160,13160,13160,6715000000,13160,13390
باما,1400/01/23,194,731784,13130,13130,13130,9608000000,13130,13340
باما,1400/01/24,1496,11630000,13080,13080,13080,1.52122E+11,13080,13080
باما,1400/01/25,527,2341000,12820,12820,12820,30017000000,12820,12930
باما,1400/01/28,159,897209,12680,12680,12680,11377000000,12680,12870
باما,1400/01/29,99,489703,12620,12620,12620,6180000000,12620,12840
باما,1400/01/30,133,655607,12590,12590,12590,8254000000,12590,12800
باما,1400/01/31,205,664357,12550,12550,12550,8338000000,12550,12760
باما,1400/02/01,149,498460,12380,12380,12380,6171000000,12380,12710
باما,1400/02/04,111,483405,12330,12330,12330,5960000000,12330,12660
باما,1400/02/05,77,380838,12290,12290,12290,4680000000,12290,12620
باما,1400/02/06,137,684699,12250,12250,12250,8388000000,12250,12560
باما,1400/02/07,472,2347000,12190,12190,12190,28609000000,12190,12340
باما,1400/02/08,636,2870000,11970,11970,11970,34354000000,11970,12070
باما,1400/02/11,262,1269000,11710,11710,11710,14857000000,11710,11960
باما,1400/02/12,103,532922,11610,11610,11610,6187000000,11610,11910
باما,1400/02/13,96,509593,11560,11560,11560,5891000000,11560,11870
باما,1400/02/15,195,705540,11520,11520,11520,8128000000,11520,11810
باما,1400/03/04,604,2859000,8800,8800,8800,25160000000,8800,8930
باما,1400/03/05,9114,75095000,8490,8710,8490,6.39615E+11,8490,8520
باما,1400/03/08,9235,60041000,8500,8940,8400,5.2799E+11,8940,8790
باما,1400/03/09,7080,47999000,9000,9180,8360,4.15622E+11,8360,8660
باما,1400/03/10,2898,30958000,8230,8370,8230,2.55071E+11,8230,8240
باما,1400/03/11,6094,50811000,7830,8190,7830,3.99029E+11,7830,7850
باما,1400/03/12,2382,26052000,7800,8240,7800,2.12496E+11,8240,8160
باما,1400/03/17,895,23656000,8560,8560,8560,2.02495E+11,8560,8560
باما,1400/03/18,12788,130691000,8980,8980,8580,1.16357E+12,8680,8900
باما,1400/03/19,5277,41660000,8620,8680,8460,3.53622E+11,8500,8490
باما,1400/03/22,3510,19758000,8500,8700,8160,1.65622E+11,8300,8380
باما,1400/03/23,3814,22676000,8280,8430,8010,1.8555E+11,8190,8180
باما,1400/03/24,4467,35307000,8210,8570,8160,2.93823E+11,8440,8320
باما,1400/03/25,3603,22264000,8560,8580,8120,1.85695E+11,8200,8340
باما,1400/03/26,6066,78146000,8270,8750,8070,6.78856E+11,8750,8690
باما,1400/03/29,5055,35235000,8850,8900,8440,3.06585E+11,8720,8700
باما,1400/03/30,4152,30282000,8690,8800,8320,2.5611E+11,8360,8460
باما,1400/03/31,3384,21913000,8350,8530,8220,1.83211E+11,8350,8360
باما,1400/04/01,3411,25348000,8350,8730,8330,2.17287E+11,8590,8570
باما,1400/04/02,5526,56883000,8630,8990,8460,5.04425E+11,8930,8870
باما,1400/04/05,8390,76419000,9000,9310,8950,7.06465E+11,9130,9240
باما,1400/04/28,1640,16399000,11700,12110,11700,1.96887E+11,12110,12010
باما,1400/05/04,11867,86051000,12610,12610,12200,1.07265E+12,12340,12470
باما,1400/05/05,9751,62568000,12300,12600,11850,7.50233E+11,11850,11990
باما,1400/05/06,8104,49844000,11900,12500,11500,6.05698E+11,12130,12150
باما,1400/05/09,7332,41960000,12300,12530,11900,5.11971E+11,12030,12200
باما,1400/05/10,7850,46271000,12120,12150,11590,5.43726E+11,11590,11750
باما,1400/05/11,7162,48989000,11550,12090,11280,5.67383E+11,11610,11580
باما,1400/05/12,2854,43859000,11590,12150,11590,5.3211E+11,12150,12130
باما,1400/05/13,9899,73302000,12320,12580,11830,8.92996E+11,12110,12180
باما,1400/05/16,9807,56123000,12170,12170,11580,6.53476E+11,11590,11640
باما,1400/05/17,6818,41589000,11540,12220,11410,4.97357E+11,11960,11960
باما,1400/05/18,5619,27457000,12100,12160,11750,3.26153E+11,11810,11880
باما,1400/05/19,6676,39362000,11800,12120,11600,4.65683E+11,11980,11830
باما,1400/05/20,5809,35442000,12000,12230,11890,4.25573E+11,12000,12010
باما,1400/05/23,6058,33218000,12180,12180,11600,3.90494E+11,11810,11760
باما,1400/05/24,5073,28270000,11520,12100,11520,3.37134E+11,11900,11930
باما,1400/05/31,8138,46779000,12020,12160,11670,5.56379E+11,11730,11890
باما,1400/06/01,7317,61631000,11800,12480,11450,7.46451E+11,12480,12110
باما,1400/06/02,706,6766000,12710,12710,12710,85994000000,12710,12710
باما,1400/06/03,1581,27269000,13340,13340,13340,3.63769E+11,13340,13340
باما,1400/06/06,22487,162677000,13510,14000,13400,2.23846E+12,13800,13760
باما,1400/06/07,16953,96496000,13990,14440,13480,1.35818E+12,13710,14080
باما,1400/06/08,5292,32047000,13500,13890,13380,4.31894E+11,13380,13480
باما,1400/06/09,11558,92682000,12810,13900,12810,1.21447E+12,12970,13100
باما,1400/06/10,7873,62373000,13100,13750,13000,8.48104E+11,13750,13600
